url,type,changes
/citizenship/apostille-document-translation-italy/,old,+1 related links
/citizenship/citizenship-court-vs-consulate-route/,old,+1 related links
/citizenship/italian-citizenship-10-years-residency-naturalization/,old,+1 related links
/citizenship/italian-citizenship-1948-case/,old,+1 related links
/citizenship/italian-citizenship-by-marriage/,old,+1 related links
/cost-of-living/cost-of-living-italy-vs-usa/,old,+1 related links
/cost-of-living/cost-of-living-turin-american-expats-2025/,old,+1 related links
/cost-of-living/grocery-costs-italy-by-city/,old,+1 related links
/cost-of-living/healthcare-costs-italy-vs-usa/,old,+1 related links
/cost-of-living/italy-rent-prices-city-comparison/,old,+1 related links
/cost-of-living/living-italy-2500-month/,old,+1 related links
/cost-of-living/retire-italy-2000-month-budget/,old,+1 related links
/healthcare/best-health-insurance-americans-italy/,old,+1 related links
/healthcare/best-private-health-insurance-italy-americans-2025/,old,+1 related links
/healthcare/cigna-vs-axa-vs-allianz-italy/,old,+1 related links
/healthcare/english-speaking-doctors-italy/,old,+1 related links
/healthcare/enroll-italian-ssn/,old,+1 related links
/healthcare/tessera-sanitaria-italy-health-card-americans/,old,+1 related links
/property/1-euro-house-italy/,old,+1 related links
/property/best-cities-invest-property-italy/,old,+1 related links
/property/how-to-buy-property-italy-american-guide/,old,+1 related links
/property/italian-notary-process/,old,+1 related links
/property/mortgages-non-residents-italy/,old,+1 related links
/regions/best-cities-american-expats-italy/,old,+1 related links
/regions/best-small-towns-italy-retirees/,old,+1 related links
/regions/florence-vs-rome-vs-bologna/,old,+1 related links
/regions/living-florence-american-expat/,old,+1 related links
/regions/quietest-regions-italy/,old,+1 related links
/regions/sicily-american-expats-guide/,old,+1 related links
/residency/how-to-get-codice-fiscale-italy-americans/,old,+1 related links
/residency/how-to-register-anagrafe-italy-americans/,old,+1 related links
/residency/open-italian-bank-account/,old,+1 related links
/residency/permesso-di-soggiorno-renewal-americans-guide/,old,+1 related links
/residency/permesso-lungo-periodo-permanent-residency-italy/,old,+1 related links
/residency/spid-italy-foreigners-americans-guide/,old,+1 related links
/residency/tessera-sanitaria-expats/,old,+1 related links
/taxes/fbar-fatca-americans-italy-guide/,old,+1 related links
/taxes/southern-italy-7-percent-flat-tax-foreign-pensioners/,old,+1 related links
/visas/apostille-document-translation-italian-visa/,old,+1 related links
/visas/elective-residence-visa/,old,+1 related links
/visas/italy-investor-visa-golden-visa-americans/,old,+1 related links
/visas/italy-student-visa/,old,+1 related links
/visas/italy-visa-income-requirements-2025-all-types/,old,+1 related links
